Threads,Parallel Time (s),Speedup,Parallel Factor
2,2.824552,23.5495,23.5495
4,2.200601,31.7999,31.7999
8,2.029940,34.3100,34.3100
16,2.197080,32.4300,32.4300
32,2.156424,32.5471,32.5471
64,2.001009,35.0571,35.0571
128,1.793162,39.2142,39.2142
256,1.688517,42.3110,42.3110
512,1.694823,41.4731,41.4731
1024,1.767937,39.8733,39.8733
